rooms_en,bedrooms,room_class,is_penthouse,is_commercial_unit
Studio,0,studio,false,false
1 B/R,1,bedrooms,false,false
2 B/R,2,bedrooms,false,false
3 B/R,3,bedrooms,false,false
4 B/R,4,bedrooms,false,false
5 B/R,5,bedrooms,false,false
6 B/R,6,bedrooms,false,false
7 B/R,7,bedrooms,false,false
8 B/R,8,bedrooms,false,false
9 B/R,9,bedrooms,false,false
10 B/R,10,bedrooms,false,false
PENTHOUSE,,penthouse,true,false
Single Room,,single_room,false,false
Office,,office,false,true
Shop,,shop,false,true
Store,,store,false,true
GYM,,gym,false,true
