area_id,area_name_en,zone
229,Um Suqaim,"Jumeirah, Al Wasl & Umm Suqeim"
230,Abu Hail,Deira
231,Al Mamzer,Deira
232,Mirdif,"Mirdif, Mizhar, Warqa & Khawaneej"
233,Hor Al Anz,Deira
234,Hor Al Anz East,Deira
235,Eyal Nasser,Deira
236,Burj Nahar,Deira
237,Al Sabkha,Deira
238,Al Dhagaya,Deira
239,Al Baraha,Deira
240,Port Saeed,Deira
241,Al Qusais Old,"Qusais, Nahda, Twar & Muhaisnah"
242,Al Ras,Deira
243,Al-Safiyyah,Outer Dubai & Hatta
244,Al Murqabat,Deira
245,Al-Murar Qadeem,Deira
246,Al-Murar Jadeed,Deira
247,Al Khabeesi,Deira
248,Um Ramool,Industrial
249,Al Muteena,Deira
250,Al-Souq Al Kabeer (Deira),Deira
251,Naif South,Deira
252,Al-Riqqa East,Deira
253,Al-Riqqa West,Deira
254,Al Buteen,Deira
255,Rega Al Buteen,Deira
256,Al-Tawar,"Qusais, Nahda, Twar & Muhaisnah"
257,Al Khawaneej,"Mirdif, Mizhar, Warqa & Khawaneej"
258,Muhaisna,"Qusais, Nahda, Twar & Muhaisnah"
259,Al-Musalla (Deira),Deira
262,Al-Zarouniyyah,Outer Dubai & Hatta
263,Al-Nahdah,"Qusais, Nahda, Twar & Muhaisnah"
264,Nad Al Hamar,"Mirdif, Mizhar, Warqa & Khawaneej"
265,Al-Muhaisnah North,"Qusais, Nahda, Twar & Muhaisnah"
266,Al Satwa,"Jumeirah, Al Wasl & Umm Suqeim"
267,Al Raffa,Bur Dubai & Karama
268,Al Musalla (Dubai),Bur Dubai & Karama
269,Al Hamriya,Deira
270,Al Safaa,"Jumeirah, Al Wasl & Umm Suqeim"
271,Al Karama,Bur Dubai & Karama
272,Al Baharna,Bur Dubai & Karama
273,Al-Baloosh,Outer Dubai & Hatta
274,Shandagha East,Bur Dubai & Karama
275,Shandagha West,Bur Dubai & Karama
276,Al Bada,"Jumeirah, Al Wasl & Umm Suqeim"
277,Al Qoaz,"Al Barsha, Al Quoz & Tecom"
278,Mankhool,Bur Dubai & Karama
279,Tawaa Al Sayegh,Outer Dubai & Hatta
280,Zareeba Duviya,Outer Dubai & Hatta
281,Al Asbaq,Outer Dubai & Hatta
282,Ras Al Khor,"Creek Harbour, Jaddaf & Festival City"
283,Al Fahidi,Bur Dubai & Karama
284,Jabal Ali,"Jebel Ali, Dubai South & Waterfront"
285,Nad Al Shiba,"MBR City, Meydan & Dubai Hills"
288,Al Marmoom,Outer Dubai & Hatta
292,Al Barsha,"Al Barsha, Al Quoz & Tecom"
294,Lehbab,Outer Dubai & Hatta
295,Margham,Outer Dubai & Hatta
296,Al Ruwayyah,"Silicon Oasis, International City & Academic City"
297,Al Warqa First,"Mirdif, Mizhar, Warqa & Khawaneej"
298,Al Warqa Third,"Mirdif, Mizhar, Warqa & Khawaneej"
299,Al Warqa Fourth,"Mirdif, Mizhar, Warqa & Khawaneej"
300,Al Rashidiya,"Mirdif, Mizhar, Warqa & Khawaneej"
301,Al Nahda Second,"Qusais, Nahda, Twar & Muhaisnah"
302,Tawi Al Muraqqab,Outer Dubai & Hatta
303,Um Suqaim First,"Jumeirah, Al Wasl & Umm Suqeim"
304,Um Suqaim Second,"Jumeirah, Al Wasl & Umm Suqeim"
305,AL QUSAIS,"Qusais, Nahda, Twar & Muhaisnah"
306,Al Twar Fourth,"Qusais, Nahda, Twar & Muhaisnah"
307,Al Safouh First,"Al Barsha, Al Quoz & Tecom"
308,Al Goze Industrial First,Industrial
309,Al Goze Industrial Third,Industrial
310,Al Twar Second,"Qusais, Nahda, Twar & Muhaisnah"
311,Muhaisanah Third,"Qusais, Nahda, Twar & Muhaisnah"
312,Muhaisanah First,"Qusais, Nahda, Twar & Muhaisnah"
313,Al Saffa First,"Jumeirah, Al Wasl & Umm Suqeim"
314,Al Saffa Second,"Jumeirah, Al Wasl & Umm Suqeim"
315,Al Manara,"Jumeirah, Al Wasl & Umm Suqeim"
316,Al Mizhar First,"Mirdif, Mizhar, Warqa & Khawaneej"
317,Jumeirah First,"Jumeirah, Al Wasl & Umm Suqeim"
318,Jumeirah Third,"Jumeirah, Al Wasl & Umm Suqeim"
319,Ras Al Khor Industrial Second,Industrial
320,Al Qusais Industrial Second,Industrial
321,Al Qusais Industrial Third,Industrial
322,Al Qusais Industrial Fourth,Industrial
323,Al Qusais Industrial Fifth,Industrial
324,Shandagha,Bur Dubai & Karama
325,Um Hurair First,Bur Dubai & Karama
326,Um Hurair Second,Bur Dubai & Karama
327,Nad Shamma,"Mirdif, Mizhar, Warqa & Khawaneej"
328,Al Jafliya,Bur Dubai & Karama
329,Trade Center Second,"DIFC, Trade Centre & Za'abeel"
330,Marsa Dubai,"Marina, JBR & JLT"
331,Zaabeel First,"DIFC, Trade Centre & Za'abeel"
332,Zaabeel Second,"DIFC, Trade Centre & Za'abeel"
333,Madinat Dubai Almelaheyah,Bur Dubai & Karama
334,Al Jadaf,"Creek Harbour, Jaddaf & Festival City"
335,Nad Al Shiba First,"MBR City, Meydan & Dubai Hills"
336,Nad Al Shiba Second,"MBR City, Meydan & Dubai Hills"
337,Nad Al Shiba Third,"MBR City, Meydan & Dubai Hills"
338,Al Goze First,"Al Barsha, Al Quoz & Tecom"
339,Al Mararr,Deira
340,Ghadeer Al tair,"MBR City, Meydan & Dubai Hills"
341,Trade Center First,"DIFC, Trade Centre & Za'abeel"
342,Ras Al Khor Industrial Third,Industrial
343,Al Warsan First,"Silicon Oasis, International City & Academic City"
344,Al Warsan Second,"Silicon Oasis, International City & Academic City"
345,Al Warsan Third,"Silicon Oasis, International City & Academic City"
346,Al Hamriya Port,Deira
347,Al Goze Third,"Al Barsha, Al Quoz & Tecom"
348,Al Goze Fourth,"Al Barsha, Al Quoz & Tecom"
349,Grayteesah,Outer Dubai & Hatta
350,Al Thanyah Fifth,"Marina, JBR & JLT"
351,Al Thanyah Third,"Emirates Hills, Meadows & Greens"
352,Al Thanayah Fourth,"Emirates Hills, Meadows & Greens"
354,Al Warqa Second,"Mirdif, Mizhar, Warqa & Khawaneej"
355,Al Nahda First,"Qusais, Nahda, Twar & Muhaisnah"
356,Al Rega,Deira
357,AL TWAR FIFTH,"Qusais, Nahda, Twar & Muhaisnah"
358,Al Twar First,"Qusais, Nahda, Twar & Muhaisnah"
359,Al Twar Third,"Qusais, Nahda, Twar & Muhaisnah"
360,Muhaisanah Second,"Qusais, Nahda, Twar & Muhaisnah"
361,Muhaisanah Fourth,"Qusais, Nahda, Twar & Muhaisnah"
362,Naif,Deira
363,Al Qusais Industrial First,Industrial
364,Al Wasl,"Jumeirah, Al Wasl & Umm Suqeim"
365,Al Hudaiba,Bur Dubai & Karama
366,Al Kifaf,Bur Dubai & Karama
367,Al Suq Al Kabeer,Bur Dubai & Karama
368,Al Barsha First,"Al Barsha, Al Quoz & Tecom"
369,Al Barsha Third,"Al Barsha, Al Quoz & Tecom"
370,Um Suqaim Third,"Jumeirah, Al Wasl & Umm Suqeim"
371,Al Safouh Second,"Al Barsha, Al Quoz & Tecom"
372,Al Goze Industrial Second,Industrial
373,Al Goze Industrial Fourth,Industrial
374,Um Al Sheif,"Jumeirah, Al Wasl & Umm Suqeim"
375,Jumeirah Second,"Jumeirah, Al Wasl & Umm Suqeim"
376,Ras Al Khor Industrial First,Industrial
377,Al-Nakhal,Deira
378,Al Garhoud,Deira
379,Al-Shumaal,Outer Dubai & Hatta
380,Al Mizhar,"Mirdif, Mizhar, Warqa & Khawaneej"
382,Al Waheda,Deira
383,Jumeirah,"Jumeirah, Al Wasl & Umm Suqeim"
384,Bur Dubai,Bur Dubai & Karama
385,Muashrah Al Bahraana,Outer Dubai & Hatta
386,Al-Raulah,"MBR City, Meydan & Dubai Hills"
387,Al-Bastakiyah,Bur Dubai & Karama
388,Oud Metha,Bur Dubai & Karama
390,Burj Khalifa,Downtown & Business Bay
391,Al Lusaily,Outer Dubai & Hatta
392,Nazwah,Outer Dubai & Hatta
393,Al Barsha Second,"Al Barsha, Al Quoz & Tecom"
394,Al Mizhar Second,"Mirdif, Mizhar, Warqa & Khawaneej"
395,Jabal Ali Industrial First,Industrial
396,Al Khawaneej First,"Mirdif, Mizhar, Warqa & Khawaneej"
397,Al Khawaneej Second,"Mirdif, Mizhar, Warqa & Khawaneej"
398,Al Aweer First,Outer Dubai & Hatta
399,Al Aweer Second,Outer Dubai & Hatta
400,Al Eyas,Outer Dubai & Hatta
401,Wadi Al Amardi,Outer Dubai & Hatta
402,AL MIZHAR FOURTH,"Mirdif, Mizhar, Warqa & Khawaneej"
403,Al Mizhar Third,"Mirdif, Mizhar, Warqa & Khawaneej"
404,Mushrif,"Mirdif, Mizhar, Warqa & Khawaneej"
405,Bukadra,"MBR City, Meydan & Dubai Hills"
406,Nad Al Shiba Fourth,"MBR City, Meydan & Dubai Hills"
409,Al Barshaa South Third,"JVC, JVT & Arjan"
410,Palm Jumeirah,Palm & Islands
411,Palm Jabal Ali,Palm & Islands
412,Al Merkadh,"MBR City, Meydan & Dubai Hills"
413,World Islands,Palm & Islands
414,Al Barshaa South Second,"JVC, JVT & Arjan"
415,Al Barshaa South First,"JVC, JVT & Arjan"
416,Cornich Deira,Deira
417,Sikkat Al Khail North,Deira
418,Naif North,Deira
419,Sikkat Al Khail South,Deira
420,Mushrif,"Mirdif, Mizhar, Warqa & Khawaneej"
421,Al-Mustashfa West,Outer Dubai & Hatta
423,Al-Aweer,Outer Dubai & Hatta
424,Al-Qiyadah,Outer Dubai & Hatta
425,Al-Dzahiyyah Al-Jadeedah,Outer Dubai & Hatta
427,Nad Rashid,Outer Dubai & Hatta
430,Dubai International Airport,Deira
431,Al-Cornich,Outer Dubai & Hatta
432,Palm Deira,Palm & Islands
433,Al Thanyah Second,Outer Dubai & Hatta
434,Wadi Al Safa 6,Dubailand
435,Al Hebiah Fourth,Dubailand
436,Festival City First,"Creek Harbour, Jaddaf & Festival City"
437,Al Kheeran,"Creek Harbour, Jaddaf & Festival City"
438,Al Ttay,Outer Dubai & Hatta
441,Al Barsha South Fourth,"JVC, JVT & Arjan"
442,Al Barsha South Fifth,"JVC, JVT & Arjan"
443,Al Thanyah First,"Al Barsha, Al Quoz & Tecom"
444,Al Hebiah First,Dubailand
445,Jabal Ali First,"Jebel Ali, Dubai South & Waterfront"
447,Al Khairan First,"Creek Harbour, Jaddaf & Festival City"
448,Al Khairan  Second,"Creek Harbour, Jaddaf & Festival City"
449,Al Yufrah 2,Dubailand
451,Al Hebiah Fifth,Dubailand
452,Al Hebiah Second,Dubailand
453,Saih Shuaib 2,Industrial
454,Saih Shuaib 3,Industrial
455,Saih Shuaib 4,Industrial
458,Dubai Investment Park First,"Jebel Ali, Dubai South & Waterfront"
459,Dubai Investment Park Second,"Jebel Ali, Dubai South & Waterfront"
462,Madinat Al Mataar,"Jebel Ali, Dubai South & Waterfront"
463,Wadi Al Safa 7,Dubailand
464,Wadi Al Safa 2,Dubailand
465,Wadi Al Safa 3,Dubailand
466,Wadi Al Safa 4,Dubailand
467,Wadi Al Safa 5,Dubailand
468,Yaraah,Outer Dubai & Hatta
469,Al Yufrah 1,Dubailand
470,Al Faga'A,Outer Dubai & Hatta
471,Al Rowaiyah Third,"Silicon Oasis, International City & Academic City"
472,Jabal Ali Second,"Jebel Ali, Dubai South & Waterfront"
473,AL Athbah,Outer Dubai & Hatta
474,OUD AL MUTEENA,"Mirdif, Mizhar, Warqa & Khawaneej"
475,Muhaisanah Fifth,"Qusais, Nahda, Twar & Muhaisnah"
476,Jabal Ali Third,"Jebel Ali, Dubai South & Waterfront"
477,Mena Jabal Ali,"Jebel Ali, Dubai South & Waterfront"
478,Jabal Ali Industrial Second,"Jebel Ali, Dubai South & Waterfront"
479,Jabal Ali Industrial Third,Industrial
480,Saih Shuaib 1,"Jebel Ali, Dubai South & Waterfront"
481,Hessyan Second,"Jebel Ali, Dubai South & Waterfront"
482,Hadaeq Sheikh Mohammed Bin Rashid,"MBR City, Meydan & Dubai Hills"
483,Warsan Fourth,"Silicon Oasis, International City & Academic City"
484,Nadd Hessa,"Silicon Oasis, International City & Academic City"
485,Me'Aisem First,Dubailand
486,Me'Aisem Second,Dubailand
489,Lehbab First,Outer Dubai & Hatta
492,Al Rowaiyah First,"Silicon Oasis, International City & Academic City"
493,Al Rowaiyah Second,"Silicon Oasis, International City & Academic City"
494,Umm Addamin,Outer Dubai & Hatta
496,Le Hemaira,Outer Dubai & Hatta
497,Lehbab Second,Outer Dubai & Hatta
499,Al Maha,Outer Dubai & Hatta
500,Um Esalay,Outer Dubai & Hatta
501,Remah,Outer Dubai & Hatta
502,Madinat Hind 1,Dubailand
503,Madinat Hind 2,Dubailand
504,Madinat Hind 3,Dubailand
505,Madinat Hind 4,Dubailand
506,Al Yelayiss 1,Dubailand
507,Al Yelayiss 2,Dubailand
508,Al Yelayiss 3,Outer Dubai & Hatta
509,Al Yelayiss 4,Outer Dubai & Hatta
510,Al Yelayiss 5,Dubailand
513,Madinat Latifa,Outer Dubai & Hatta
514,Ghadeer Barashy,Outer Dubai & Hatta
515,Saih Aldahal,Outer Dubai & Hatta
518,Mugatrah,Outer Dubai & Hatta
519,Al Layan1,Outer Dubai & Hatta
522,Hessyan First,"Jebel Ali, Dubai South & Waterfront"
523,Al Hebiah Third,Dubailand
524,Muragab,Outer Dubai & Hatta
525,Hatta,Outer Dubai & Hatta
526,Business Bay,Downtown & Business Bay
527,Island 2,Palm & Islands
528,Al Yufrah 3,Dubailand
529,Al Yufrah 4,Dubailand
531,Al Hebiah Sixth,Dubailand
