zone,zone_short
"Al Barsha, Al Quoz & Tecom",Barsha & Quoz
Bur Dubai & Karama,Bur Dubai
"Creek Harbour, Jaddaf & Festival City",Creek Harbour
"DIFC, Trade Centre & Za'abeel",DIFC & Za'abeel
Deira,Deira
Downtown & Business Bay,Downtown
Dubailand,Dubailand
"Emirates Hills, Meadows & Greens",Emirates Hills
Industrial,Industrial
"JVC, JVT & Arjan",JVC & Arjan
"Jebel Ali, Dubai South & Waterfront",Jebel Ali
"Jumeirah, Al Wasl & Umm Suqeim",Jumeirah
"MBR City, Meydan & Dubai Hills",MBR City
"Marina, JBR & JLT",Marina & JLT
"Mirdif, Mizhar, Warqa & Khawaneej",Mirdif & Warqa
Outer Dubai & Hatta,Outer & Hatta
Palm & Islands,Palm & Islands
"Qusais, Nahda, Twar & Muhaisnah",Qusais & Nahda
"Silicon Oasis, International City & Academic City",Silicon Oasis
Unknown,Unknown
